{
  "project_info": {
    "project_number": "783199971106",
    "firebase_url": "https://ecommerce-f81ad-default-rtdb.firebaseio.com",
    "project_id": "ecommerce-f81ad",
    "storage_bucket": "ecommerce-f81ad.appspot.com"
  },
  "client": [
    {
      "client_info": {
        "mobilesdk_app_id": "1:783199971106:android:d2176fc0259317d6ffa77b",
        "android_client_info": {
          "package_name": "com.example.calcul"
        }
      },
      "oauth_client": [
        {
          "client_id": "783199971106-gvr1tb6nrh73h52vadt6bm4gos3anmsi.apps.googleusercontent.com",
          "client_type": 3
        }
      ],
      "api_key": [
        {
          "current_key": "AIzaSyCeh3NkFCPpff4HYRfuNu_78bwR7NgTf0I"
        }
      ],
      "services": {
        "appinvite_service": {
          "other_platform_oauth_client": [
            {
              "client_id": "783199971106-gvr1tb6nrh73h52vadt6bm4gos3anmsi.apps.googleusercontent.com",
              "client_type": 3
            }
          ]
        }
      }
    },
    {
      "client_info": {
        "mobilesdk_app_id": "1:783199971106:android:ae9b5647243ba6f5ffa77b",
        "android_client_info": {
          "package_name": "com.example.ecommerce"
        }
      },
      "oauth_client": [
        {
          "client_id": "783199971106-gvr1tb6nrh73h52vadt6bm4gos3anmsi.apps.googleusercontent.com",
          "client_type": 3
        }
      ],
      "api_key": [
        {
          "current_key": "AIzaSyCeh3NkFCPpff4HYRfuNu_78bwR7NgTf0I"
        }
      ],
      "services": {
        "appinvite_service": {
          "other_platform_oauth_client": [
            {
              "client_id": "783199971106-gvr1tb6nrh73h52vadt6bm4gos3anmsi.apps.googleusercontent.com",
              "client_type": 3
            }
          ]
        }
      }
    }
  ],
  "configuration_version": "1"
}